YR--MODAHRMN,DIR,SPD,GUS,CLG,SKC,L,M,H,VSB,MW,MW,MW,MW,AW,AW,AW,AW,W,TEMP,DEWP,SLP,ALT,STP,MAX,MIN,PCP01,PCP06,PCP24,PCPXX,SD
,,,,,,,,,,,,,,,,,,,,,,,,,,,,,,
GMT,,MPH,MPH,,,,,,Miles,,,,,,,,,,F,F,Mb,inches,Mb,F,F,inches,inches,inches,inche,
,,,,,,,,,,,,,,,,,,,,,,,,,,,,,,
201603050156,270,9,***,16,***,*,*,*,10,**,**,**,**,**,**,**,**,*,63,52,1017,30.04,1016.4,***,***,0,*****,*****,*****,**
201603050256,270,3,***,27,***,*,*,*,10,**,**,**,**,**,**,**,**,*,63,53,1017.1,30.04,1016.4,***,***,0,*****,*****,*****,**
201603050356,***,0,***,26,***,*,*,*,10,**,**,**,**,**,**,**,**,*,62,53,1017.9,30.06,1017.1,***,***,0,*****,*****,*****,**
201603050456,200,5,***,27,***,*,*,*,10,**,**,**,**,**,**,**,**,*,61,50,1018,30.07,1017.4,***,***,0,*****,*****,*****,**
201603050556,140,5,***,722,SCT,*,*,*,10,**,**,**,**,**,**,**,**,*,59,49,1018.1,30.07,1017.4,65,59,0,*****,*****,*****,**
201603050656,140,5,***,28,***,*,*,*,10,**,**,**,**,**,**,**,**,*,57,49,1018.1,30.07,1017.4,***,***,0,*****,*****,*****,**
201603050756,130,7,***,29,***,*,*,*,10,**,**,**,**,**,**,**,**,*,57,49,1017.9,30.06,1017.1,69,50,0,*****,*****,*****,**
201603050759,***,***,***,***,***,*,*,*,****,**,**,**,**,**,**,**,**,*,****,****,NA,*****,******,69,***,*****,*****,0,*****,**
201603050856,***,0,***,29,***,*,*,*,10,**,**,**,**,**,**,**,**,*,60,50,1018.1,30.07,1017.4,***,***,0,*****,*****,*****,**
201603050956,***,0,***,28,***,*,*,*,10,**,**,**,**,**,**,**,**,*,58,50,1017.4,30.05,1016.8,***,***,0,*****,*****,*****,**
201603051056,100,3,***,722,CLR,*,*,*,10,**,**,**,**,**,**,**,**,*,53,48,1017.1,30.04,1016.4,***,***,0,*****,*****,*****,**
201603051156,90,5,***,722,CLR,*,*,*,10,**,**,**,**,**,**,**,**,*,53,48,1017.1,30.04,1016.4,60,52,0,*****,*****,*****,**
201603051256,100,7,***,722,SCT,*,*,*,10,**,**,**,**,**,**,**,**,*,55,48,1017.2,30.04,1016.4,***,***,0,*****,*****,*****,**
201603051356,90,5,***,27,***,*,*,*,10,**,**,**,**,**,**,**,**,*,57,49,1017.5,30.05,1016.8,***,***,0,*****,*****,*****,**
201603051456,110,6,***,27,***,*,*,*,10,**,**,**,**,**,**,**,**,*,59,50,1017.8,30.06,1017.1,***,***,0,*****,*****,*****,**
201603051556,110,7,***,27,***,*,*,*,9.1,**,**,**,**,**,**,**,**,*,62,50,1018.6,30.08,1017.8,***,***,0,*****,*****,*****,**
201603051656,50,6,***,27,***,*,*,*,10,**,**,**,**,**,**,**,**,*,66,50,1018.8,30.09,1018.1,***,***,0,*****,*****,*****,**
201603051756,990,3,***,722,CLR,*,*,*,10,**,**,**,**,**,**,**,**,*,67,51,1018.6,30.08,1017.8,68,53,0,*****,*****,*****,**
201603051856,280,11,***,722,CLR,*,*,*,10,**,**,**,**,**,**,**,**,*,67,51,1018.5,30.08,1017.8,***,***,0,*****,*****,*****,**
201603051956,280,10,***,722,CLR,*,*,*,10,**,**,**,**,**,**,**,**,*,69,52,1017,30.04,1016.4,***,***,0,*****,*****,*****,**
201603052056,270,10,***,722,CLR,*,*,*,10,**,**,**,**,**,**,**,**,*,69,53,1016.1,30.01,1015.4,***,***,0,*****,*****,*****,**
201603052156,270,14,***,722,CLR,*,*,*,10,**,**,**,**,**,**,**,**,*,68,55,1015.7,30,1015.1,***,***,0,*****,*****,*****,**
201603052256,280,11,***,722,CLR,*,*,*,10,**,**,**,**,**,**,**,**,*,67,56,1015.6,29.99,1014.7,***,***,0,*****,*****,*****,**
201603052356,280,10,***,722,CLR,*,*,*,10,**,**,**,**,**,**,**,**,*,65,57,1015.5,29.99,1014.7,70,65,0,*****,*****,*****,**
201603060056,270,11,***,722,SCT,*,*,*,10,**,**,**,**,**,**,**,**,*,66,57,1016,30,1015.1,***,***,0,*****,*****,*****,**
201603060154,270,10,***,9,***,*,*,*,10,**,**,**,**,**,**,**,**,*,63,57,NA,30.03,1016.1,***,***,*****,*****,*****,*****,**
201603060156,280,11,***,9,***,*,*,*,10,**,**,**,**,**,**,**,**,*,63,57,1016.8,30.03,1016.1,***,***,0,*****,*****,*****,**
201603060256,260,6,***,12,***,*,*,*,10,**,**,**,**,**,**,**,**,*,64,57,1017,30.04,1016.4,***,***,0,*****,*****,*****,**
201603060354,270,9,***,15,***,*,*,*,10,**,**,**,**,**,**,**,**,*,64,57,NA,30.06,1017.1,***,***,*****,*****,*****,*****,**
201603060356,260,9,***,17,***,*,*,*,10,**,**,**,**,**,**,**,**,*,64,57,1017.8,30.06,1017.1,***,***,0,*****,*****,*****,**
201603060456,***,0,***,17,***,*,*,*,6,5,**,**,**,5,**,**,**,*,63,58,1018.6,30.08,1017.8,***,***,0,*****,*****,*****,**
201603060554,230,7,***,15,***,*,*,*,6,**,**,**,**,10,**,**,**,*,63,57,NA,30.09,1018.1,***,***,*****,*****,*****,*****,**
201603060556,230,6,***,15,***,*,*,*,7,**,**,**,**,**,**,**,**,*,62,58,1018.9,30.09,1018.1,67,62,0.01,0.01,*****,*****,**
201603060656,230,8,***,8,***,*,*,*,10,**,**,**,**,**,**,**,**,*,61,58,1018.7,30.09,1018.1,***,***,0,*****,*****,*****,**
201603060756,190,5,***,19,***,*,*,*,10,**,**,**,**,**,**,**,**,*,61,57,1018.5,30.08,1017.8,70,52,0,*****,*****,*****,**
201603060759,***,***,***,***,***,*,*,*,****,**,**,**,**,**,**,**,**,*,****,****,NA,*****,******,70,***,*****,*****,0.01,*****,**
201603060856,220,8,***,8,***,*,*,*,3,**,**,**,**,61,10,**,**,*,61,57,1018.6,30.08,1017.8,***,***,0.00T,*****,*****,0.00T,**
201603060954,220,7,***,29,***,*,*,*,10,**,**,**,**,**,**,**,**,*,61,57,NA,30.08,1017.8,***,***,0.00T,*****,*****,*****,**
201603060956,210,7,***,29,***,*,*,*,10,**,**,**,**,**,**,**,**,*,61,57,1018.3,30.07,1017.4,***,***,0.00T,*****,*****,*****,**
201603061054,170,6,***,722,SCT,*,*,*,10,**,**,**,**,**,**,**,**,*,61,55,NA,30.05,1016.8,***,***,*****,*****,*****,*****,**
201603061056,170,6,***,722,SCT,*,*,*,10,**,**,**,**,**,**,**,**,*,60,55,1017.3,30.04,1016.4,***,***,0,*****,*****,*****,**
201603061156,210,10,***,41,***,*,*,*,10,**,**,**,**,**,**,**,**,*,61,56,1017.3,30.04,1016.4,62,59,0,0.00T,0.01,*****,**
201603061256,200,5,***,37,***,*,*,*,10,**,**,**,**,**,**,**,**,*,60,54,1017.5,30.05,1016.8,***,***,0,*****,*****,*****,**
201603061356,150,5,***,48,***,*,*,*,10,**,**,**,**,**,**,**,**,*,60,54,1017,30.03,1016.1,***,***,0,*****,*****,*****,**
201603061456,170,6,***,40,***,*,*,*,10,**,**,**,**,**,**,**,**,*,61,53,1017,30.04,1016.4,***,***,0,*****,*****,*****,**
201603061556,170,9,***,46,***,*,*,*,10,**,**,**,**,**,**,**,**,*,63,55,1016.9,30.03,1016.1,***,***,0,*****,*****,*****,**
201603061656,180,18,23,29,***,*,*,*,4,**,**,**,**,61,**,**,**,*,61,54,1017.5,30.05,1016.8,***,***,0.00T,*****,*****,*****,**
201603061752,260,16,***,10,***,*,*,*,1.8,**,**,**,**,62,10,**,**,*,59,55,NA,30.08,1017.8,***,***,0.2,*****,*****,*****,**
201603061756,280,20,***,10,***,*,*,*,1.8,**,**,**,**,61,10,**,**,*,59,55,1018.8,30.09,1018.1,64,59,0.21,0.21,*****,*****,**
201603061854,260,5,***,60,***,*,*,*,10,**,**,**,**,**,**,**,**,*,61,55,NA,30.08,1017.8,***,***,0.04,*****,*****,*****,**
201603061856,250,5,***,55,***,*,*,*,10,**,**,**,**,**,**,**,**,*,61,56,1018.6,30.08,1017.8,***,***,0.04,*****,*****,*****,**
201603061956,230,7,***,25,***,*,*,*,10,**,**,**,**,**,**,**,**,*,64,56,1018,30.06,1017.1,***,***,0.01,*****,*****,*****,**
201603062056,290,11,***,722,CLR,*,*,*,10,**,**,**,**,**,**,**,**,*,67,53,1017.3,30.04,1016.4,***,***,0,*****,*****,0.05,**
201603062156,290,17,***,722,CLR,*,*,*,10,**,**,**,**,**,**,**,**,*,67,53,1017.8,30.06,1017.1,***,***,0,*****,*****,*****,**
201603062256,290,17,***,722,CLR,*,*,*,10,**,**,**,**,**,**,**,**,*,67,50,1017,30.04,1016.4,***,***,0,*****,*****,*****,**
201603062356,300,15,***,722,SCT,*,*,*,10,**,**,**,**,**,**,**,**,*,66,49,1016.8,30.03,1016.1,68,59,0,0.05,*****,*****,**
201603070056,310,15,***,722,CLR,*,*,*,10,**,**,**,**,**,**,**,**,*,65,48,1016.7,30.03,1016.1,***,***,0,*****,*****,*****,**
201603070156,310,14,***,722,CLR,*,*,*,10,**,**,**,**,**,**,**,**,*,62,49,1016.8,30.03,1016.1,***,***,0,*****,*****,*****,**
201603070256,300,11,***,722,SCT,*,*,*,10,**,**,**,**,**,**,**,**,*,61,48,1016.8,30.03,1016.1,***,***,0,*****,*****,*****,**
201603070356,300,14,***,722,CLR,*,*,*,10,**,**,**,**,**,**,**,**,*,61,48,1017.2,30.04,1016.4,***,***,0,*****,*****,*****,**
201603070456,300,13,***,722,SCT,*,*,*,10,**,**,**,**,**,**,**,**,*,61,48,1017.8,30.06,1017.1,***,***,0,*****,*****,*****,**
201603070556,300,14,***,722,SCT,*,*,*,10,**,**,**,**,**,**,**,**,*,61,49,1017.8,30.06,1017.1,67,60,0,*****,*****,*****,**
201603070656,290,10,***,722,SCT,*,*,*,10,**,**,**,**,**,**,**,**,*,60,48,1017.6,30.05,1016.8,***,***,0,*****,*****,*****,**
201603070756,280,11,***,722,SCT,*,*,*,10,**,**,**,**,**,**,**,**,*,61,48,1017.1,30.04,1016.4,68,59,0,*****,*****,*****,**
201603070759,***,***,***,***,***,*,*,*,****,**,**,**,**,**,**,**,**,*,****,****,NA,*****,******,68,***,*****,*****,0.26,*****,**
201603070856,280,13,***,48,***,*,*,*,10,**,**,**,**,**,**,**,**,*,60,49,1017.1,30.04,1016.4,***,***,0,*****,*****,*****,**
201603070956,270,14,***,722,SCT,*,*,*,10,**,**,**,**,**,**,**,**,*,59,49,1016.6,30.02,1015.8,***,***,0,*****,*****,*****,**
201603071056,260,14,***,722,SCT,*,*,*,10,**,**,**,**,**,**,**,**,*,58,48,1015.9,30,1015.1,***,***,0,*****,*****,*****,**
201603071156,270,9,***,722,CLR,*,*,*,10,**,**,**,**,**,**,**,**,*,58,45,1015.2,29.98,1014.4,62,58,0,*****,0.26,*****,**
201603071256,260,11,***,722,CLR,*,*,*,10,**,**,**,**,**,**,**,**,*,57,45,1015.1,29.98,1014.4,***,***,0,*****,*****,*****,**
201603071356,240,8,***,50,***,*,*,*,9.1,**,**,**,**,**,**,**,**,*,58,45,1014.6,29.96,1013.7,***,***,0,*****,*****,*****,**
201603071456,230,10,***,60,***,*,*,*,10,**,**,**,**,**,**,**,**,*,60,46,1014.6,29.96,1013.7,***,***,0,*****,*****,*****,**
201603071556,220,13,***,60,***,*,*,*,9.1,**,**,**,**,**,**,**,**,*,61,47,1014.1,29.95,1013.4,***,***,0,*****,*****,*****,**
201603071654,250,24,46,46,***,*,*,*,2,**,**,**,**,90,62,**,**,*,52,46,NA,29.97,1014.1,***,***,*****,*****,*****,*****,**
201603071656,260,21,***,46,***,*,*,*,2,**,**,**,**,92,90,62,10,*,52,48,1014.6,29.96,1013.7,***,***,0.17,*****,*****,*****,**
201603071756,180,7,***,45,***,*,*,*,7,**,**,**,**,**,**,**,**,*,56,50,1013.8,29.94,1013,61,51,0.05,0.22,*****,*****,**
201603071856,310,18,25,45,***,*,*,*,10,**,**,**,**,**,**,**,**,*,60,48,1013.4,29.93,1012.7,***,***,0.02,*****,*****,*****,**
201603071956,330,23,39,50,***,*,*,*,4,**,**,**,**,61,**,**,**,*,53,47,1013.6,29.93,1012.7,***,***,0.01,*****,*****,*****,**
201603072056,330,5,***,50,***,*,*,*,10,**,**,**,**,**,**,**,**,*,58,45,1012.6,29.91,1012,***,***,0.00T,*****,*****,0.03,**
201603072156,310,14,***,48,***,*,*,*,6,**,**,**,**,61,**,**,**,*,60,44,1011.5,29.87,1010.7,***,***,0.05,*****,*****,*****,**
201603072256,300,18,***,48,***,*,*,*,10,**,**,**,**,**,**,**,**,*,61,45,1011,29.86,1010.3,***,***,0.06,*****,*****,*****,**
201603072350,320,25,43,48,***,*,*,*,3,**,**,**,**,93,**,**,**,*,55,45,NA,29.87,1010.7,***,***,0.03,*****,*****,*****,**
201603072354,320,16,43,48,***,*,*,*,4,**,**,**,**,**,**,**,**,*,52,43,NA,29.86,1010.3,***,***,*****,*****,*****,*****,**
201603072356,320,16,43,48,***,*,*,*,5,**,**,**,**,93,**,**,**,*,50,42,1010.9,29.86,1010.3,62,50,0.06,0.2,*****,*****,**
201603080056,290,13,***,48,***,*,*,*,8,**,**,**,**,**,**,**,**,*,57,43,1010.8,29.85,1010,***,***,0.00T,*****,*****,*****,**
201603080156,260,20,***,48,***,*,*,*,8,**,**,**,**,**,**,**,**,*,56,43,1010.6,29.85,1010,***,***,0,*****,*****,*****,**
201603080256,250,11,***,120,***,*,*,*,10,**,**,**,**,**,**,**,**,*,55,43,1010.1,29.83,1009.3,***,***,0,*****,*****,0.00T,**
201603080354,300,18,32,20,***,*,*,*,6,**,**,**,**,63,**,**,**,*,52,45,NA,29.84,1009.7,***,***,*****,*****,*****,*****,**
201603080356,280,13,32,20,***,*,*,*,7,**,**,**,**,62,**,**,**,*,52,44,1010.1,29.83,1009.3,***,***,0.05,*****,*****,*****,**
201603080454,200,5,***,40,***,*,*,*,7,**,**,**,**,61,**,**,**,*,52,46,NA,29.82,1009,***,***,*****,*****,*****,*****,**
201603080456,180,6,***,20,***,*,*,*,6,**,**,**,**,61,**,**,**,*,51,46,1009.7,29.82,1009,***,***,0.11,*****,*****,*****,**
201603080556,110,8,***,40,***,*,*,*,7,**,**,**,**,61,**,**,**,*,50,46,1009.8,29.82,1009,57,50,0.14,*****,*****,*****,**
201603080656,110,7,***,43,***,*,*,*,7,**,**,**,**,61,**,**,**,*,51,47,1009.5,29.81,1008.6,***,***,0.03,*****,*****,*****,**
201603080756,110,6,***,722,SCT,*,*,*,10,**,**,**,**,**,**,**,**,*,50,45,1009.6,29.82,1009,62,50,0.00T,*****,*****,*****,**
201603080759,***,***,***,***,***,*,*,*,****,**,**,**,**,**,**,**,**,*,****,****,NA,*****,******,62,***,*****,*****,0.75,*****,**
201603080856,80,5,***,722,CLR,*,*,*,10,**,**,**,**,**,**,**,**,*,51,45,1010.2,29.84,1009.7,***,***,0,*****,*****,0.03,**
201603080956,40,3,***,722,CLR,*,*,*,10,**,**,**,**,**,**,**,**,*,49,44,1010.4,29.84,1009.7,***,***,0,*****,*****,*****,**
201603081056,40,3,***,722,CLR,*,*,*,10,**,**,**,**,**,**,**,**,*,47,43,1010.9,29.85,1010,***,***,0,*****,*****,*****,**
201603081156,50,3,***,722,CLR,*,*,*,10,**,**,**,**,**,**,**,**,*,45,42,1012,29.89,1011.4,52,45,0,0.03,0,*****,**
201603081256,100,7,***,722,CLR,*,*,*,10,**,**,**,**,**,**,**,**,*,45,42,1012.4,29.9,1011.7,***,***,0,*****,*****,*****,**
201603081356,80,6,***,722,CLR,*,*,*,10,**,**,**,**,**,**,**,**,*,46,42,1013.3,29.93,1012.7,***,***,0,*****,*****,*****,**
201603081456,90,7,***,722,SCT,*,*,*,10,**,**,**,**,**,**,**,**,*,47,43,1013.5,29.93,1012.7,***,***,0,*****,*****,*****,**
201603081556,80,7,***,722,SCT,*,*,*,10,**,**,**,**,**,**,**,**,*,52,44,1014.5,29.96,1013.7,***,***,0,*****,*****,*****,**
201603081656,30,3,***,722,SCT,*,*,*,10,**,**,**,**,**,**,**,**,*,57,45,1015.4,29.99,1014.7,***,***,0,*****,*****,*****,**
201603081756,330,7,***,722,SCT,*,*,*,10,**,**,**,**,**,**,**,**,*,61,44,1015.9,30,1015.1,61,44,0,*****,*****,*****,**
201603081856,280,8,***,722,SCT,*,*,*,10,**,**,**,**,**,**,**,**,*,61,48,1016,30.01,1015.4,***,***,0,*****,*****,*****,**
201603081956,280,13,***,722,SCT,*,*,*,10,**,**,**,**,**,**,**,**,*,61,48,1015.2,29.98,1014.4,***,***,0,*****,*****,*****,**
201603082056,280,14,***,722,SCT,*,*,*,10,**,**,**,**,**,**,**,**,*,62,49,1014.9,29.97,1014.1,***,***,0,*****,*****,*****,**
201603082156,290,13,***,722,SCT,*,*,*,10,**,**,**,**,**,**,**,**,*,63,50,1014.6,29.97,1014.1,***,***,0,*****,*****,*****,**
201603082256,290,14,***,722,SCT,*,*,*,10,**,**,**,**,**,**,**,**,*,64,49,1014.9,29.97,1014.1,***,***,0,*****,*****,*****,**
201603082356,290,9,***,722,SCT,*,*,*,10,**,**,**,**,**,**,**,**,*,64,50,1014.6,29.97,1014.1,65,60,0,*****,*****,*****,**
201603090056,300,11,***,722,SCT,*,*,*,10,**,**,**,**,**,**,**,**,*,64,50,1014.6,29.96,1013.7,***,***,0,*****,*****,*****,**
201603090156,300,10,***,722,SCT,*,*,*,10,**,**,**,**,**,**,**,**,*,62,50,1015.2,29.98,1014.4,***,***,0,*****,*****,*****,**
201603090256,330,7,***,722,SCT,*,*,*,10,**,**,**,**,**,**,**,**,*,61,51,1016.2,30.01,1015.4,***,***,0,*****,*****,*****,**
201603090356,330,5,***,722,SCT,*,*,*,8,**,**,**,**,**,**,**,**,*,61,51,1016.4,30.02,1015.8,***,***,0,*****,*****,*****,**
201603090456,***,0,***,722,SCT,*,*,*,8,**,**,**,**,**,**,**,**,*,54,48,1016.7,30.03,1016.1,***,***,0,*****,*****,*****,**
201603090556,***,0,***,722,SCT,*,*,*,8,**,**,**,**,**,**,**,**,*,53,49,1016.6,30.02,1015.8,64,51,0,*****,*****,*****,**
201603090656,100,6,***,722,SCT,*,*,*,8,**,**,**,**,**,**,**,**,*,52,48,1016.5,30.02,1015.8,***,***,0,*****,*****,*****,**
201603090756,90,8,***,722,CLR,*,*,*,10,**,**,**,**,**,**,**,**,*,53,48,1016.2,30.01,1015.4,65,44,0,*****,*****,*****,**
201603090759,***,***,***,***,***,*,*,*,****,**,**,**,**,**,**,**,**,*,****,****,NA,*****,******,65,***,*****,*****,0,*****,**
201603090856,90,7,***,722,CLR,*,*,*,7,**,**,**,**,**,**,**,**,*,53,48,1016,30.01,1015.4,***,***,0,*****,*****,*****,**
201603090956,70,5,***,722,CLR,*,*,*,10,**,**,**,**,**,**,**,**,*,53,48,1016,30,1015.1,***,***,0,*****,*****,*****,**
201603091056,100,7,***,722,CLR,*,*,*,8,**,**,**,**,**,**,**,**,*,51,47,1014.9,29.97,1014.1,***,***,0,*****,*****,*****,**
201603091156,100,8,***,722,CLR,*,*,*,9.1,**,**,**,**,**,**,**,**,*,52,46,1015.2,29.98,1014.4,54,49,0,*****,*****,*****,**
201603091256,100,8,***,722,CLR,*,*,*,9.1,**,**,**,**,**,**,**,**,*,51,45,1015.5,29.99,1014.7,***,***,0,*****,*****,*****,**
201603091356,90,8,***,722,CLR,*,*,*,9.1,**,**,**,**,**,**,**,**,*,50,45,1016,30,1015.1,***,***,0,*****,*****,*****,**
201603091456,100,9,***,722,SCT,*,*,*,9.1,**,**,**,**,**,**,**,**,*,53,45,1016.5,30.02,1015.8,***,***,0,*****,*****,*****,**
201603091556,100,7,***,722,SCT,*,*,*,8,**,**,**,**,**,**,**,**,*,57,46,1017.2,30.04,1016.4,***,***,0,*****,*****,*****,**
201603091656,110,7,***,722,SCT,*,*,*,10,**,**,**,**,**,**,**,**,*,63,47,1017.2,30.04,1016.4,***,***,0,*****,*****,*****,**
201603091756,20,3,***,722,SCT,*,*,*,10,**,**,**,**,**,**,**,**,*,67,48,1017.4,30.05,1016.8,67,50,0,*****,*****,*****,**
201603091856,290,8,***,722,SCT,*,*,*,10,**,**,**,**,**,**,**,**,*,68,47,1017.2,30.04,1016.4,***,***,0,*****,*****,*****,**
201603091956,280,9,***,722,SCT,*,*,*,10,**,**,**,**,**,**,**,**,*,68,49,1016.6,30.02,1015.8,***,***,0,*****,*****,*****,**
201603092056,290,14,***,722,SCT,*,*,*,10,**,**,**,**,**,**,**,**,*,67,52,1016.1,30.01,1015.4,***,***,0,*****,*****,*****,**
201603092156,300,13,***,722,SCT,*,*,*,10,**,**,**,**,**,**,**,**,*,67,53,1015.6,30,1015.1,***,***,0,*****,*****,*****,**
201603092256,300,13,***,250,***,*,*,*,10,**,**,**,**,**,**,**,**,*,66,54,1015.5,29.99,1014.7,***,***,0,*****,*****,*****,**
201603092356,300,14,***,250,***,*,*,*,10,**,**,**,**,**,**,**,**,*,66,55,1015.9,30,1015.1,69,65,0,*****,*****,*****,**
201603100056,320,8,***,250,***,*,*,*,10,**,**,**,**,**,**,**,**,*,65,56,1015.9,30,1015.1,***,***,0,*****,*****,*****,**
201603100156,280,7,***,250,***,*,*,*,8,**,**,**,**,**,**,**,**,*,63,56,1016.4,30.02,1015.8,***,***,0,*****,*****,*****,**
201603100256,280,6,***,722,SCT,*,*,*,8,**,**,**,**,**,**,**,**,*,62,57,1017,30.04,1016.4,***,***,0,*****,*****,*****,**
201603100356,***,0,***,722,SCT,*,*,*,8,**,**,**,**,**,**,**,**,*,60,55,1017.6,30.05,1016.8,***,***,0,*****,*****,*****,**
201603100456,***,0,***,722,SCT,*,*,*,7,**,**,**,**,**,**,**,**,*,57,54,1017.9,30.06,1017.1,***,***,0,*****,*****,*****,**
201603100556,90,5,***,722,SCT,*,*,*,7,**,**,**,**,**,**,**,**,*,56,53,1018,30.06,1017.1,66,54,0,*****,*****,*****,**
201603100656,***,0,***,722,CLR,*,*,*,8,**,**,**,**,**,**,**,**,*,55,52,1018.3,30.07,1017.4,***,***,0,*****,*****,*****,**
201603100756,***,0,***,722,CLR,*,*,*,8,**,**,**,**,**,**,**,**,*,56,53,1018.2,30.07,1017.4,69,50,0,*****,*****,*****,**
201603100759,***,***,***,***,***,*,*,*,****,**,**,**,**,**,**,**,**,*,****,****,NA,*****,******,69,***,*****,*****,0,*****,**
201603100856,30,5,***,722,CLR,*,*,*,10,**,**,**,**,**,**,**,**,*,56,51,1017.9,30.06,1017.1,***,***,0,*****,*****,*****,**
201603100956,20,5,***,722,CLR,*,*,*,10,**,**,**,**,**,**,**,**,*,55,51,1017.5,30.05,1016.8,***,***,0,*****,*****,*****,**
201603101056,30,3,***,722,CLR,*,*,*,9.1,**,**,**,**,**,**,**,**,*,55,50,1016.6,30.02,1015.8,***,***,0,*****,*****,*****,**
201603101156,80,5,***,722,CLR,*,*,*,9.1,**,**,**,**,**,**,**,**,*,52,49,1016.9,30.03,1016.1,58,52,0,*****,*****,*****,**
201603101256,90,8,***,722,***,*,*,*,5,**,**,**,**,10,**,**,**,*,53,50,1016.5,30.02,1015.8,***,***,0,*****,*****,*****,**
201603101356,70,3,***,722,***,*,*,*,5,**,**,**,**,10,**,**,**,*,53,50,1017.1,30.04,1016.4,***,***,0,*****,*****,*****,**
201603101456,90,7,***,250,***,*,*,*,6,10,**,**,**,10,**,**,**,*,54,51,1017.4,30.05,1016.8,***,***,0,*****,*****,*****,**
201603101556,80,7,***,250,***,*,*,*,7,**,**,**,**,**,**,**,**,*,60,53,1017.8,30.06,1017.1,***,***,0,*****,*****,*****,**
201603101656,90,5,***,250,***,*,*,*,10,**,**,**,**,**,**,**,**,*,66,53,1017.6,30.05,1016.8,***,***,0,*****,*****,*****,**
201603101756,***,0,***,250,***,*,*,*,10,**,**,**,**,**,**,**,**,*,71,54,1017.6,30.05,1016.8,71,51,0,*****,*****,*****,**
201603101856,280,15,***,250,***,*,*,*,10,**,**,**,**,**,**,**,**,*,68,56,1017.7,30.06,1017.1,***,***,0,*****,*****,*****,**
201603101956,280,11,***,250,***,*,*,*,10,**,**,**,**,**,**,**,**,*,67,58,1017.4,30.05,1016.8,***,***,0,*****,*****,*****,**
201603102056,270,14,***,250,***,*,*,*,10,**,**,**,**,**,**,**,**,*,68,59,1017,30.04,1016.4,***,***,0,*****,*****,*****,**
201603102156,270,13,***,250,***,*,*,*,10,**,**,**,**,**,**,**,**,*,67,58,1016.6,30.02,1015.8,***,***,0,*****,*****,*****,**
201603102256,260,6,***,7,***,*,*,*,10,**,**,**,**,**,**,**,**,*,65,58,1016.1,30.01,1015.4,***,***,0,*****,*****,*****,**
201603102356,240,9,***,7,***,*,*,*,10,**,**,**,**,**,**,**,**,*,64,58,1016.6,30.02,1015.8,71,63,0,*****,*****,*****,**
201603110056,230,3,***,7,***,*,*,*,10,**,**,**,**,**,**,**,**,*,64,58,1016.4,30.02,1015.8,***,***,0,*****,*****,*****,**
201603110156,200,3,***,250,***,*,*,*,8,**,**,**,**,**,**,**,**,*,61,57,1016.5,30.02,1015.8,***,***,0,*****,*****,*****,**
201603110256,230,6,***,722,***,*,*,*,8,**,**,**,**,**,**,**,**,*,61,57,1016.9,30.03,1016.1,***,***,0,*****,*****,*****,**
201603110356,250,6,***,7,***,*,*,*,7,**,**,**,**,**,**,**,**,*,62,58,1017.6,30.05,1016.8,***,***,0,*****,*****,*****,**
201603110456,***,0,***,7,***,*,*,*,10,**,**,**,**,**,**,**,**,*,63,58,1017.7,30.06,1017.1,***,***,0,*****,*****,*****,**
201603110556,***,0,***,7,***,*,*,*,10,**,**,**,**,**,**,**,**,*,62,57,1017.6,30.05,1016.8,65,60,0,*****,*****,*****,**
201603110656,***,0,***,9,***,*,*,*,10,**,**,**,**,**,**,**,**,*,62,57,1017.7,30.06,1017.1,***,***,0,*****,*****,*****,**
201603110756,***,0,***,10,***,*,*,*,10,**,**,**,**,**,**,**,**,*,62,57,1017.6,30.05,1016.8,71,51,0,*****,*****,*****,**
201603110759,***,***,***,***,***,*,*,*,****,**,**,**,**,**,**,**,**,*,****,****,NA,*****,******,71,***,*****,*****,0,*****,**
201603110856,***,0,***,11,***,*,*,*,10,**,**,**,**,**,**,**,**,*,61,56,1017.2,30.04,1016.4,***,***,0,*****,*****,*****,**
201603110956,80,5,***,10,***,*,*,*,8,**,**,**,**,**,**,**,**,*,61,56,1016.2,30.01,1015.4,***,***,0,*****,*****,*****,**
201603111056,30,7,***,7,***,*,*,*,4,**,**,**,**,10,**,**,**,*,60,56,1015.5,29.99,1014.7,***,***,0,*****,*****,*****,**
201603111156,20,5,***,722,CLR,*,*,*,4,**,**,**,**,10,**,**,**,*,58,55,1015.5,29.99,1014.7,63,58,0,*****,*****,*****,**
201603111256,40,3,***,722,CLR,*,*,*,3,**,**,**,**,10,**,**,**,*,58,55,1015.1,29.98,1014.4,***,***,0,*****,*****,*****,**
201603111356,***,0,***,8,***,*,*,*,2.5,**,**,**,**,10,**,**,**,*,57,54,1014.9,29.97,1014.1,***,***,0,*****,*****,*****,**
201603111454,***,0,***,4,***,*,*,*,2.5,5,**,**,**,**,**,**,**,*,61,55,NA,29.99,1014.7,***,***,*****,*****,*****,*****,**
201603111456,***,0,***,4,***,*,*,*,2.5,5,**,**,**,10,**,**,**,*,60,55,1015.4,29.99,1014.7,***,***,0,*****,*****,*****,**
201603111554,190,5,***,4,***,*,*,*,3,**,**,**,**,10,**,**,**,*,61,57,NA,30.01,1015.4,***,***,*****,*****,*****,*****,**
201603111556,210,5,***,4,***,*,*,*,3,**,**,**,**,10,**,**,**,*,61,57,1016,30,1015.1,***,***,0,*****,*****,*****,**
201603111656,230,9,***,4,***,*,*,*,2,**,**,**,**,10,**,**,**,*,61,56,1016.6,30.02,1015.8,***,***,0,*****,*****,*****,**
201603111756,210,9,***,5,***,*,*,*,3,**,**,**,**,10,**,**,**,*,62,57,1017.8,30.06,1017.1,63,56,0,*****,*****,*****,**
201603111856,220,10,***,18,***,*,*,*,8,**,**,**,**,**,**,**,**,*,66,57,1018,30.07,1017.4,***,***,0,*****,*****,*****,**
201603111954,250,10,***,250,***,*,*,*,10,**,**,**,**,**,**,**,**,*,66,55,NA,30.07,1017.4,***,***,*****,*****,*****,*****,**
201603111956,260,11,***,250,***,*,*,*,10,**,**,**,**,**,**,**,**,*,67,55,1018.1,30.07,1017.4,***,***,0,*****,*****,*****,**
201603112056,990,5,***,250,***,*,*,*,10,**,**,**,**,**,**,**,**,*,66,52,1017.8,30.06,1017.1,***,***,0,*****,*****,*****,**
201603112156,170,7,***,250,***,*,*,*,10,**,**,**,**,**,**,**,**,*,67,53,1016.1,30.01,1015.4,***,***,0,*****,*****,*****,**
201603112256,200,13,***,11,***,*,*,*,10,**,**,**,**,**,**,**,**,*,65,54,1016.4,30.02,1015.8,***,***,0,*****,*****,*****,**
201603112356,180,10,***,11,***,*,*,*,6,**,**,**,**,61,**,**,**,*,64,55,1015.1,29.98,1014.4,69,62,0.00T,0.00T,*****,*****,**
201603120054,280,18,30,10,***,*,*,*,6,**,**,**,**,61,10,**,**,*,57,50,NA,30,,,,,,,,
,,,,,,,,,,,,,,,,,,,,,,,,,,,,,,
201604010056,300,10,***,40,***,*,*,*,10,**,**,**,**,**,**,**,**,*,64,53,1017.4,30.05,1016.8,***,***,0,*****,*****,*****,**
201604010156,300,3,***,722,SCT,*,*,*,10,**,**,**,**,**,**,**,**,*,62,52,1017.5,30.05,1016.8,***,***,0,*****,*****,*****,**
201604010256,230,3,***,722,SCT,*,*,*,10,**,**,**,**,**,**,**,**,*,58,52,1017.8,30.06,1017.1,***,***,0,*****,*****,*****,**
201604010356,***,0,***,722,SCT,*,*,*,10,**,**,**,**,**,**,**,**,*,56,51,1018.5,30.08,1017.8,***,***,0,*****,*****,*****,**
201604010456,***,0,***,722,SCT,*,*,*,10,**,**,**,**,**,**,**,**,*,52,48,1019.2,30.1,1018.5,***,***,0,*****,*****,*****,**
201604010556,200,3,***,722,SCT,*,*,*,9.1,**,**,**,**,**,**,**,**,*,51,47,1019.3,30.1,1018.5,65,51,0,*****,*****,*****,**
201604010656,***,0,***,17,***,*,*,*,10,**,**,**,**,**,**,**,**,*,54,50,1019.4,30.11,1018.8,***,***,0,*****,*****,*****,**
201604010756,110,5,***,13,***,*,*,*,10,**,**,**,**,**,**,**,**,*,52,49,1019.3,30.1,1018.5,67,45,0,*****,*****,*****,**
201604010759,***,***,***,***,***,*,*,*,****,**,**,**,**,**,**,**,**,*,****,****,******,*****,******,67,***,*****,*****,0,*****,**
201604010856,110,6,***,17,***,*,*,*,8,**,**,**,**,**,**,**,**,*,53,49,1019,30.09,1018.1,***,***,0,*****,*****,*****,**
201604010956,100,6,***,19,***,*,*,*,7,**,**,**,**,**,**,**,**,*,53,49,1018.7,30.09,1018.1,***,***,0,*****,*****,*****,**
201604011056,110,3,***,722,CLR,*,*,*,7,**,**,**,**,**,**,**,**,*,53,49,1018.5,30.08,1017.8,***,***,0,*****,*****,*****,**
201604011156,90,7,***,21,***,*,*,*,8,**,**,**,**,**,**,**,**,*,54,48,1018.5,30.08,1017.8,56,51,0,*****,*****,*****,**
201604011254,90,7,***,23,***,*,*,*,8,**,**,**,**,**,**,**,**,*,54,48,******,30.09,1018.1,***,***,*****,*****,*****,*****,**
201604011256,90,7,***,722,SCT,*,*,*,8,**,**,**,**,**,**,**,**,*,53,48,1018.8,30.09,1018.1,***,***,0,*****,*****,*****,**
201604011356,100,8,***,22,***,*,*,*,6,5,**,**,**,5,**,**,**,*,54,48,1019.2,30.1,1018.5,***,***,0,*****,*****,*****,**
201604011456,110,6,***,22,***,*,*,*,7,**,**,**,**,**,**,**,**,*,58,49,1019.9,30.12,1019.1,***,***,0,*****,*****,*****,**
201604011556,220,7,***,20,***,*,*,*,7,**,**,**,**,**,**,**,**,*,62,50,1020.4,30.13,1019.5,***,***,0,*****,*****,*****,**
201604011656,240,9,***,25,***,*,*,*,10,**,**,**,**,**,**,**,**,*,64,50,1021,30.15,1020.1,***,***,0,*****,*****,*****,**
201604011754,990,8,***,722,***,*,*,*,10,**,**,**,**,**,**,**,**,*,66,48,******,30.15,1020.1,***,***,*****,*****,*****,*****,**
201604011756,230,10,***,722,SCT,*,*,*,10,**,**,**,**,**,**,**,**,*,66,49,1020.9,30.15,1020.1,66,53,0,*****,*****,*****,**
201604011856,230,10,18,722,SCT,*,*,*,10,**,**,**,**,**,**,**,**,*,66,50,1020.5,30.14,1019.8,***,***,0,*****,*****,*****,**
201604011956,240,11,***,722,SCT,*,*,*,10,**,**,**,**,**,**,**,**,*,66,51,1020,30.12,1019.1,***,***,0,*****,*****,*****,**
201604012056,240,13,***,722,SCT,*,*,*,10,**,**,**,**,**,**,**,**,*,66,51,1019.5,30.11,1018.8,***,***,0,*****,*****,*****,**
201604012156,260,11,***,722,SCT,*,*,*,10,**,**,**,**,**,**,**,**,*,67,51,1019.2,30.1,1018.5,***,***,0,*****,*****,*****,**
201604012256,260,10,***,722,SCT,*,*,*,10,**,**,**,**,**,**,**,**,*,66,51,1019,30.1,1018.5,***,***,0,*****,*****,*****,**
201604012356,270,7,***,722,SCT,*,*,*,10,**,**,**,**,**,**,**,**,*,65,52,1018.8,30.09,1018.1,67,64,0,*****,*****,*****,**
201604020056,260,6,***,722,SCT,*,*,*,10,**,**,**,**,**,**,**,**,*,64,52,1019,30.09,1018.1,***,***,0,*****,*****,*****,**
201604020156,260,7,***,722,CLR,*,*,*,10,**,**,**,**,**,**,**,**,*,62,53,1019.1,30.1,1018.5,***,***,0,*****,*****,*****,**
201604020256,250,5,***,722,CLR,*,*,*,10,**,**,**,**,**,**,**,**,*,60,53,1019.5,30.11,1018.8,***,***,0,*****,*****,*****,**
201604020356,250,3,***,722,CLR,*,*,*,9.1,**,**,**,**,**,**,**,**,*,58,52,1020.3,30.13,1019.5,***,***,0,*****,*****,*****,**
201604020456,***,0,***,722,CLR,*,*,*,10,**,**,**,**,**,**,**,**,*,53,48,1020.8,30.15,1020.1,***,***,0,*****,*****,*****,**
201604020556,***,0,***,722,CLR,*,*,*,9.1,**,**,**,**,**,**,**,**,*,55,50,1020.7,30.14,1019.8,65,53,0,*****,*****,*****,**
201604020656,150,3,***,722,CLR,*,*,*,7,**,**,**,**,**,**,**,**,*,52,48,1020.8,30.15,1020.1,***,***,0,*****,*****,*****,**
201604020756,180,3,***,722,CLR,*,*,*,7,**,**,**,**,**,**,**,**,*,52,49,1021.1,30.16,1020.5,67,50,0,*****,*****,*****,**
201604020759,***,***,***,***,***,*,*,*,****,**,**,**,**,**,**,**,**,*,****,****,******,*****,******,67,***,*****,*****,0,*****,**
201604020856,70,3,***,722,CLR,*,*,*,6,**,**,**,**,10,**,**,**,*,52,48,1021.1,30.16,1020.5,***,***,0,*****,*****,*****,**
201604020956,90,6,***,722,CLR,*,*,*,****,**,**,**,**,**,**,**,**,*,53,49,1020.8,30.15,1020.1,***,***,0,*****,*****,*****,**
201604021056,100,3,***,722,CLR,*,*,*,****,**,**,**,**,**,**,**,**,*,51,49,1020.7,30.15,1020.1,***,***,0,*****,*****,*****,**
201604021156,***,0,***,722,CLR,*,*,*,****,**,**,**,**,**,**,**,**,*,51,48,1020.7,30.14,1019.8,55,50,0,*****,*****,*****,**
201604021256,90,3,***,722,CLR,*,*,*,****,**,**,**,**,**,**,**,**,*,50,48,1020.9,30.15,1020.1,***,***,0,*****,*****,*****,**
201604021356,60,3,***,722,CLR,*,*,*,10,**,**,**,**,**,**,**,**,*,51,47,1021.4,30.16,1020.5,***,***,0,*****,*****,*****,**
201604021456,90,3,***,722,***,*,*,*,4,5,**,**,**,**,**,**,**,*,58,51,1021.8,30.18,1021.2,***,***,0,*****,*****,*****,**
201604021556,***,0,***,722,CLR,*,*,*,6,5,**,**,**,5,**,**,**,*,64,53,1021.9,30.18,1021.2,***,***,0,*****,*****,*****,**
201604021656,990,3,***,722,***,*,*,*,10,**,**,**,**,**,**,**,**,*,67,52,1021.6,30.17,1020.8,***,***,0,*****,*****,*****,**
201604021756,300,9,***,722,CLR,*,*,*,9.1,**,**,**,**,**,**,**,**,*,68,53,1021.4,30.16,1020.5,70,48,0,*****,*****,*****,**
201604021856,280,14,***,722,***,*,*,*,10,**,**,**,**,**,**,**,**,*,69,55,1021.1,30.16,1020.5,***,***,0,*****,*****,*****,**
201604021956,280,13,***,722,CLR,*,*,*,9.1,**,**,**,**,**,**,**,**,*,67,56,1020.4,30.14,1019.8,***,***,0,*****,*****,*****,**
201604022056,290,11,***,722,CLR,*,*,*,10,**,**,**,**,**,**,**,**,*,68,56,1019.9,30.12,1019.1,***,***,0,*****,*****,*****,**
201604022156,290,13,***,722,CLR,*,*,*,10,**,**,**,**,**,**,**,**,*,68,57,1019.2,30.1,1018.5,***,***,0,*****,*****,*****,**
201604022256,280,13,***,722,CLR,*,*,*,10,**,**,**,**,**,**,**,**,*,68,57,1018.8,30.09,1018.1,***,***,0,*****,*****,*****,**
201604022356,290,13,***,722,CLR,*,*,*,10,**,**,**,**,**,**,**,**,*,67,57,1018.4,30.08,1017.8,69,67,0,*****,*****,*****,**
201604030056,280,9,***,722,CLR,*,*,*,10,**,**,**,**,**,**,**,**,*,66,57,1018.2,30.07,1017.4,***,***,0,*****,*****,*****,**
201604030156,280,5,***,722,CLR,*,*,*,9.1,**,**,**,**,**,**,**,**,*,63,57,1018.2,30.07,1017.4,***,***,0,*****,*****,*****,**
201604030256,280,5,***,722,CLR,*,*,*,8,**,**,**,**,**,**,**,**,*,62,57,1018.6,30.08,1017.8,***,***,0,*****,*****,*****,**
201604030356,***,0,***,722,CLR,*,*,*,7,**,**,**,**,**,**,**,**,*,60,55,1019.2,30.1,1018.5,***,***,0,*****,*****,*****,**
201604030456,110,3,***,722,CLR,*,*,*,6,**,**,**,**,10,**,**,**,*,57,55,1019.6,30.11,1018.8,***,***,0,*****,*****,*****,**
201604030556,***,0,***,722,CLR,*,*,*,7,**,**,**,**,**,**,**,**,*,55,52,1019.6,30.11,1018.8,67,55,0,*****,*****,*****,**
201604030656,290,3,***,722,CLR,*,*,*,7,**,**,**,**,**,**,**,**,*,53,49,1019.5,30.11,1018.8,***,***,0,*****,*****,*****,**
201604030756,***,0,***,722,CLR,*,*,*,6,**,**,**,**,10,**,**,**,*,52,49,1019.2,30.1,1018.5,70,48,0,*****,*****,*****,**
201604030759,***,***,***,***,***,*,*,*,****,**,**,**,**,**,**,**,**,*,****,****,******,*****,******,70,***,*****,*****,0,*****,**
201604030856,***,0,***,722,CLR,*,*,*,7,**,**,**,**,**,**,**,**,*,53,50,1018.8,30.09,1018.1,***,***,0,*****,*****,*****,**
201604030956,***,0,***,722,CLR,*,*,*,7,**,**,**,**,**,**,**,**,*,55,51,1018.4,30.08,1017.8,***,***,0,*****,*****,*****,**
201604031056,***,0,***,722,CLR,*,*,*,7,**,**,**,**,**,**,**,**,*,50,47,1018,30.06,1017.1,***,***,0,*****,*****,*****,**
201604031156,***,0,***,722,CLR,*,*,*,8,**,**,**,**,**,**,**,**,*,50,48,1017.8,30.06,1017.1,58,50,0,*****,*****,*****,**
201604031256,***,0,***,722,CLR,*,*,*,9.1,**,**,**,**,**,**,**,**,*,50,46,1017.8,30.06,1017.1,***,***,0,*****,*****,*****,**
201604031356,***,0,***,722,SCT,*,*,*,7,**,**,**,**,**,**,**,**,*,51,48,1018,30.07,1017.4,***,***,0,*****,*****,*****,**
201604031456,350,3,***,722,CLR,*,*,*,7,**,**,**,**,**,**,**,**,*,58,52,1018.4,30.08,1017.8,***,***,0,*****,*****,*****,**
201604031556,330,5,***,722,SCT,*,*,*,4,5,**,**,**,5,**,**,**,*,63,55,1018.4,30.08,1017.8,***,***,0,*****,*****,*****,**
201604031656,310,7,***,722,CLR,*,*,*,6,5,**,**,**,5,**,**,**,*,65,55,1018.6,30.08,1017.8,***,***,0,*****,*****,*****,**
201604031756,290,9,***,722,CLR,*,*,*,7,**,**,**,**,**,**,**,**,*,65,56,1018.5,30.08,1017.8,66,50,0,*****,*****,*****,**
201604031856,290,15,***,722,CLR,*,*,*,7,**,**,**,**,**,**,**,**,*,67,56,1018.1,30.07,1017.4,***,***,0,*****,*****,*****,**
201604031956,300,16,***,722,SCT,*,*,*,9.1,**,**,**,**,**,**,**,**,*,67,56,1017.8,30.06,1017.1,***,***,0,*****,*****,*****,**
201604032056,290,16,***,722,CLR,*,*,*,10,**,**,**,**,**,**,**,**,*,67,56,1017.4,30.05,1016.8,***,***,0,*****,*****,*****,**
201604032156,290,15,***,722,CLR,*,*,*,10,**,**,**,**,**,**,**,**,*,67,56,1016.9,30.03,1016.1,***,***,0,*****,*****,*****,**
201604032256,290,13,***,722,CLR,*,*,*,10,**,**,**,**,**,**,**,**,*,66,56,1016.6,30.02,1015.8,***,***,0,*****,*****,*****,**
201604032356,280,11,***,722,CLR,*,*,*,10,**,**,**,**,**,**,**,**,*,64,55,1016.3,30.02,1015.8,68,64,0,*****,*****,*****,**
201604040056,260,8,***,722,CLR,*,*,*,10,**,**,**,**,**,**,**,**,*,64,55,1016.3,30.01,1015.4,***,***,0,*****,*****,*****,**
201604040156,290,7,***,722,CLR,*,*,*,9.1,**,**,**,**,**,**,**,**,*,62,56,1016.4,30.02,1015.8,***,***,0,*****,*****,*****,**
201604040256,290,7,***,722,CLR,*,*,*,9.1,**,**,**,**,**,**,**,**,*,61,56,1017,30.04,1016.4,***,***,0,*****,*****,*****,**
201604040356,300,7,***,722,CLR,*,*,*,8,**,**,**,**,**,**,**,**,*,60,56,1018.1,30.07,1017.4,***,***,0,*****,*****,*****,**
201604040456,310,6,***,722,SCT,*,*,*,7,**,**,**,**,**,**,**,**,*,62,56,1018.8,30.09,1018.1,***,***,0,*****,*****,*****,**
201604040556,270,5,***,722,CLR,*,*,*,6,**,**,**,**,10,**,**,**,*,59,55,1018.7,30.09,1018.1,65,59,0,*****,*****,*****,**
201604040654,***,0,***,722,***,*,*,*,6,**,**,**,**,10,**,**,**,*,55,52,******,30.08,1017.8,***,***,*****,*****,*****,*****,**
201604040656,***,0,***,722,SCT,*,*,*,****,**,**,**,**,**,**,**,**,*,55,52,1018.5,30.08,1017.8,***,***,0,*****,*****,*****,**
201604040756,***,0,***,9,***,*,*,*,6,**,**,**,**,10,**,**,**,*,56,53,1018.5,30.08,1017.8,68,49,0,*****,*****,*****,**
201604040759,***,***,***,***,***,*,*,*,****,**,**,**,**,**,**,**,**,*,****,****,******,*****,******,68,***,*****,*****,0,*****,**
201604040856,***,0,***,8,***,*,*,*,6,**,**,**,**,10,**,**,**,*,57,54,1018.3,30.07,1017.4,***,***,0,*****,*****,*****,**
201604040956,***,0,***,7,***,*,*,*,6,**,**,**,**,10,**,**,**,*,59,55,1018.2,30.07,1017.4,***,***,0,*****,*****,*****,**
201604041056,***,0,***,7,***,*,*,*,5,5,**,**,**,5,**,**,**,*,60,55,1018.1,30.07,1017.4,***,***,0,*****,*****,*****,**
201604041156,990,3,***,7,***,*,*,*,****,**,**,**,**,**,**,**,**,*,60,55,1018,30.07,1017.4,60,54,0,*****,*****,*****,**
201604041256,50,5,***,6,***,*,*,*,3,**,**,**,**,10,**,**,**,*,58,54,1018.3,30.07,1017.4,***,***,0,*****,*****,*****,**
201604041356,40,7,***,2,***,*,*,*,1,**,**,**,**,10,**,**,**,*,57,54,1018.6,30.08,1017.8,***,***,0,*****,*****,*****,**
201604041456,360,6,***,2,***,*,*,*,1,**,**,**,**,10,**,**,**,*,57,54,1019.4,30.11,1018.8,***,***,0,*****,*****,*****,**
201604041556,990,5,***,722,SCT,*,*,*,3,5,**,**,**,5,**,**,**,*,63,54,1020.2,30.13,1019.5,***,***,0,*****,*****,*****,**
201604041656,280,8,***,722,SCT,*,*,*,3,5,**,**,**,5,**,**,**,*,62,54,1020.5,30.14,1019.8,***,***,0,*****,*****,*****,**
201604041756,280,9,***,722,SCT,*,*,*,7,**,**,**,**,**,**,**,**,*,64,54,1020.6,30.14,1019.8,64,56,0,*****,*****,*****,**
201604041856,280,10,***,722,SCT,*,*,*,9.1,**,**,**,**,**,**,**,**,*,65,55,1020.3,30.13,1019.5,***,***,0,*****,*****,*****,**
201604041956,270,10,***,722,SCT,*,*,*,10,**,**,**,**,**,**,**,**,*,67,55,1019.3,30.1,1018.5,***,***,0,*****,*****,*****,**
201604042056,290,11,***,722,SCT,*,*,*,10,**,**,**,**,**,**,**,**,*,67,56,1018.7,30.09,1018.1,***,***,0,*****,*****,*****,**
201604042156,270,10,***,722,SCT,*,*,*,10,**,**,**,**,**,**,**,**,*,68,55,1018.2,30.07,1017.4,***,***,0,*****,*****,*****,**
201604042256,280,11,***,722,SCT,*,*,*,10,**,**,**,**,**,**,**,**,*,68,56,1017.5,30.05,1016.8,***,***,0,*****,*****,*****,**
201604042356,290,9,***,722,SCT,*,*,*,10,**,**,**,**,**,**,**,**,*,68,56,1017.3,30.04,1016.4,69,63,0,*****,*****,*****,**
201604050056,290,11,***,722,SCT,*,*,*,10,**,**,**,**,**,**,**,**,*,67,58,1017.5,30.05,1016.8,***,***,0,*****,*****,*****,**
201604050156,270,9,***,722,SCT,*,*,*,9.1,**,**,**,**,**,**,**,**,*,65,57,1017.7,30.06,1017.1,***,***,0,*****,*****,*****,**
201604050256,270,3,***,722,SCT,*,*,*,9.1,**,**,**,**,**,**,**,**,*,62,57,1018.1,30.07,1017.4,***,***,0,*****,*****,*****,**
201604050356,***,0,***,722,SCT,*,*,*,8,**,**,**,**,**,**,**,**,*,59,55,1018.5,30.08,1017.8,***,***,0,*****,*****,*****,**
201604050456,220,5,***,722,SCT,*,*,*,10,**,**,**,**,**,**,**,**,*,57,53,1018.9,30.09,1018.1,***,***,0,*****,*****,*****,**
201604050556,***,0,***,722,SCT,*,*,*,9.1,**,**,**,**,**,**,**,**,*,59,54,1019,30.09,1018.1,68,55,0,*****,*****,*****,**
201604050656,***,0,***,722,SCT,*,*,*,10,**,**,**,**,**,**,**,**,*,54,51,1019,30.1,1018.5,***,***,0,*****,*****,*****,**
201604050756,220,6,***,722,CLR,*,*,*,9.1,**,**,**,**,**,**,**,**,*,53,48,1018.6,30.08,1017.8,69,49,0,*****,*****,*****,**
201604050759,***,***,***,***,***,*,*,*,****,**,**,**,**,**,**,**,**,*,****,****,******,*****,******,69,***,*****,*****,0,*****,**
201604050856,***,0,***,3,***,*,*,*,4,**,**,**,**,**,**,**,**,*,57,55,1018.5,30.08,1017.8,***,***,0,*****,*****,*****,**
201604050954,120,3,***,3,***,*,*,*,0.5,**,**,**,**,**,**,**,**,*,57,54,******,30.06,1017.1,***,***,*****,*****,*****,*****,**
201604050956,120,3,***,2,OBS,*,*,*,0.3,**,**,**,**,**,**,**,**,*,57,54,1017.8,30.06,1017.1,***,***,0,*****,*****,*****,**
201604051056,***,0,***,2,OBS,*,*,*,0.3,**,**,**,**,**,**,**,**,*,54,51,1017.9,30.06,1017.1,***,***,0,*****,*****,*****,**
201604051156,360,3,***,2,OBS,*,*,*,0.3,**,**,**,**,**,**,**,**,*,57,56,1017.6,30.05,1016.8,59,49,0,*****,*****,*****,**
201604051256,***,0,***,2,OBS,*,*,*,0.3,**,**,**,**,**,**,**,**,*,55,54,1018.2,30.07,1017.4,***,***,0,*****,*****,*****,**
201604051356,***,0,***,2,OBS,*,*,*,0.3,**,**,**,**,30,**,**,**,*,53,52,1018.8,30.09,1018.1,***,***,0,*****,*****,*****,**
201604051456,240,5,***,2,OBS,*,*,*,0.3,**,**,**,**,30,**,**,**,*,55,53,1018.9,30.09,1018.1,***,***,0,*****,*****,*****,**
201604051556,230,3,***,250,***,*,*,*,2,**,**,**,**,10,**,**,**,*,56,54,1019.2,30.1,1018.5,***,***,0,*****,*****,*****,**
201604051656,230,5,***,250,***,*,*,*,4,**,**,**,**,10,**,**,**,*,60,55,1019.4,30.11,1018.8,***,***,0,*****,*****,*****,**
201604051756,280,7,***,250,***,*,*,*,5,5,**,**,**,5,**,**,**,*,62,54,1019.3,30.1,1018.5,63,52,0,*****,*****,*****,**
201604051856,240,9,***,250,***,*,*,*,5,5,**,**,**,5,**,**,**,*,64,55,1018.9,30.09,1018.1,***,***,0,*****,*****,*****,**
201604051956,240,6,***,250,***,*,*,*,7,**,**,**,**,**,**,**,**,*,67,56,1017.9,30.06,1017.1,***,***,0,*****,*****,*****,**
201604052056,260,9,***,250,***,*,*,*,7,**,**,**,**,**,**,**,**,*,67,56,1017.2,30.04,1016.4,***,***,0,*****,*****,*****,**
201604052156,240,10,***,250,***,*,*,*,7,**,**,**,**,**,**,**,**,*,67,57,1016.7,30.03,1016.1,***,***,0,*****,*****,*****,**
201604052256,250,8,***,250,***,*,*,*,7,**,**,**,**,**,**,**,**,*,68,56,1016.1,30.01,1015.4,***,***,0,*****,*****,*****,**
201604052356,230,9,***,250,***,*,*,*,10,**,**,**,**,**,**,**,**,*,68,57,1016,30.01,1015.4,69,62,0,*****,*****,*****,**
201604060056,210,7,***,250,***,*,*,*,10,**,**,**,**,**,**,**,**,*,65,57,1016.1,30.01,1015.4,***,***,0,*****,*****,*****,**
201604060156,230,7,***,250,***,*,*,*,10,**,**,**,**,**,**,**,**,*,65,57,1016.7,30.03,1016.1,***,***,0,*****,*****,*****,**
201604060256,220,8,***,250,***,*,*,*,7,**,**,**,**,**,**,**,**,*,63,58,1017,30.03,1016.1,***,***,0,*****,*****,*****,**
201604060356,210,5,***,250,***,*,*,*,9.1,**,**,**,**,**,**,**,**,*,62,58,1017.6,30.05,1016.8,***,***,0,*****,*****,*****,**
201604060456,220,3,***,250,***,*,*,*,9.1,**,**,**,**,**,**,**,**,*,61,57,1019.1,30.1,1018.5,***,***,0,*****,*****,*****,**
201604060556,190,3,***,250,***,*,*,*,8,**,**,**,**,**,**,**,**,*,58,54,1019.7,30.12,1019.1,68,58,0,*****,*****,*****,**
201604060656,210,3,***,250,***,*,*,*,8,**,**,**,**,**,**,**,**,*,56,52,1020,30.12,1019.1,***,***,0,*****,*****,*****,**
201604060756,***,0,***,722,CLR,*,*,*,****,**,**,**,**,**,**,**,**,*,54,50,1020,30.12,1019.1,69,51,0,*****,*****,*****,**
201604060759,***,***,***,***,***,*,*,*,****,**,**,**,**,**,**,**,**,*,****,****,******,*****,******,69,***,*****,*****,0,*****,**
201604060852,***,0,***,722,SCT,*,*,*,2.5,**,**,**,**,**,**,**,**,*,57,54,******,30.11,1018.8,***,***,*****,*****,*****,*****,**
201604060856,***,0,***,722,SCT,*,*,*,2,**,**,**,**,**,**,**,**,*,57,53,1019.4,30.11,1018.8,***,***,0,*****,*****,*****,**
201604060953,30,3,***,2,***,*,*,*,2.5,**,**,**,**,**,**,**,**,*,61,57,******,30.09,1018.1,***,***,*****,*****,*****,*****,**
201604060956,40,3,***,2,***,*,*,*,2.5,**,**,**,**,**,**,**,**,*,60,57,1018.8,30.09,1018.1,***,***,0,*****,*****,*****,**
201604061056,20,7,***,2,***,*,*,*,1.3,**,**,**,**,**,**,**,**,*,60,57,1018.5,30.08,1017.8,***,***,0,*****,*****,*****,**
201604061156,50,5,***,2,OBS,*,*,*,0.5,**,**,**,**,**,**,**,**,*,57,54,1017.5,30.05,1016.8,60,53,0,*****,*****,*****,**
201604061256,360,7,***,722,CLR,*,*,*,10,**,**,**,**,**,**,**,**,*,56,49,1017.5,30.05,1016.8,***,***,0,*****,*****,*****,**
201604061354,40,6,***,250,***,*,*,*,7,**,**,**,**,**,**,**,**,*,55,48,******,30.06,1017.1,***,***,*****,*****,*****,*****,**
201604061356,30,7,***,250,***,*,*,*,8,**,**,**,**,**,**,**,**,*,57,50,1017.7,30.06,1017.1,***,***,0,*****,*****,*****,**
201604061456,70,5,***,250,***,*,*,*,8,**,**,**,**,**,**,**,**,*,57,50,1017.7,30.06,1017.1,***,***,0,*****,*****,*****,**
201604061556,70,6,***,250,***,*,*,*,7,**,**,**,**,**,**,**,**,*,66,49,1017.8,30.06,1017.1,***,***,0,*****,*****,*****,**
201604061656,30,7,***,250,***,*,*,*,7,**,**,**,**,**,**,**,**,*,75,46,1017.4,30.05,1016.8,***,***,0,*****,*****,*****,**
201604061756,290,11,***,250,***,*,*,*,7,**,**,**,**,**,**,**,**,*,72,54,1017.4,30.05,1016.8,78,55,0,*****,*****,*****,**
201604061856,240,15,***,250,***,*,*,*,7,**,**,**,**,**,**,**,**,*,65,57,1018.4,30.08,1017.8,***,***,0,*****,*****,*****,**
201604061956,220,11,***,250,***,*,*,*,8,**,**,**,**,**,**,**,**,*,66,57,1018.2,30.07,1017.4,***,***,0,*****,*****,*****,**
201604062056,250,7,***,250,***,*,*,*,8,**,**,**,**,**,**,**,**,*,66,58,1017.7,30.06,1017.1,***,***,0,*****,*****,*****,**
201604062156,220,9,***,250,***,*,*,*,8,**,**,**,**,**,**,**,**,*,67,58,1017.7,30.06,1017.1,***,***,0,*****,*****,*****,**
201604062256,210,13,20,180,***,*,*,*,7,**,**,**,**,**,**,**,**,*,66,58,1018.3,30.07,1017.4,***,***,0,*****,*****,*****,**
201604062356,200,13,20,180,***,*,*,*,7,**,**,**,**,**,**,**,**,*,66,57,1019.4,30.11,1018.8,71,64,0,*****,*****,*****,**
201604070056,220,9,***,180,***,*,*,*,7,**,**,**,**,**,**,**,**,*,65,57,1019.3,30.1,1018.5,***,***,0,*****,*****,*****,**
201604070156,220,5,***,180,***,*,*,*,7,**,**,**,**,**,**,**,**,*,64,56,1019.1,30.1,1018.5,***,***,0,*****,*****,*****,**
201604070256,50,6,***,180,***,*,*,*,9.1,**,**,**,**,**,**,**,**,*,65,56,1018.3,30.07,1017.4,***,***,0,*****,*****,*****,**
201604070356,260,8,***,180,***,*,*,*,7,**,**,**,**,**,**,**,**,*,63,57,1018.7,30.09,1018.1,***,***,0,*****,*****,*****,**
201604070456,270,7,***,180,***,*,*,*,7,**,**,**,**,**,**,**,**,*,63,58,1019.4,30.11,1018.8,***,***,0,*****,*****,*****,**
201604070556,300,5,***,180,***,*,*,*,7,**,**,**,**,**,**,**,**,*,63,58,1019.2,30.1,1018.5,66,63,0,*****,*****,*****,**
201604070656,350,3,***,722,CLR,*,*,*,7,**,**,**,**,**,**,**,**,*,63,58,1018.8,30.09,1018.1,***,***,0,*****,*****,*****,**
201604070756,340,5,***,722,CLR,*,*,*,8,**,**,**,**,**,**,**,**,*,63,58,1018.1,30.07,1017.4,78,53,0,*****,*****,*****,**
201604070759,***,***,***,***,***,*,*,*,****,**,**,**,**,**,**,**,**,*,****,****,******,*****,******,78,***,*****,*****,0,*****,**
201604070856,70,6,***,722,CLR,*,*,*,8,**,**,**,**,**,**,**,**,*,62,57,1017.6,30.05,1016.8,***,***,0,*****,*****,*****,**
201604070956,50,5,***,722,CLR,*,*,*,8,**,**,**,**,**,**,**,**,*,65,58,1016.8,30.03,1016.1,***,***,0,*****,*****,*****,**
201604071056,60,6,***,100,***,*,*,*,8,**,**,**,**,**,**,**,**,*,66,57,1015.3,29.99,1014.7,***,***,0,*****,*****,*****,**
201604071156,80,7,***,110,***,*,*,*,7,**,**,**,**,**,**,**,**,*,66,56,1015.3,29.98,1014.4,66,61,0,*****,*****,*****,**
201604071256,***,0,***,100,***,*,*,*,8,**,**,**,**,**,**,**,**,*,64,56,1015.5,29.99,1014.7,***,***,0,*****,*****,*****,**
201604071356,230,9,***,110,***,*,*,*,6,**,**,**,**,61,**,**,**,*,63,57,1016,30.01,1015.4,***,***,0.00T,*****,*****,*****,**
201604071456,220,9,***,100,***,*,*,*,3,**,**,**,**,61,**,**,**,*,63,59,1016.8,30.03,1016.1,***,***,0.02,*****,*****,0.02,**
201604071556,***,0,***,100,***,*,*,*,6,**,**,**,**,61,**,**,**,*,63,58,1017.1,30.04,1016.4,***,***,0.03,*****,*****,*****,**
201604071656,***,0,***,100,***,*,*,*,5,**,**,**,**,61,**,**,**,*,63,57,1016.9,30.03,1016.1,***,***,0.04,*****,*****,*****,**
201604071756,60,5,***,95,***,*,*,*,5,**,**,**,**,61,**,**,**,*,63,58,1017.4,30.05,1016.8,66,***,0.04,0.12,*****,*****,**
201604071856,50,6,***,90,***,*,*,*,5,**,**,**,**,61,**,**,**,*,63,59,1016.1,30.01,1015.4,***,***,0.1,*****,*****,*****,**
201604071956,60,10,***,55,***,*,*,*,5,**,**,**,**,61,**,**,**,*,63,58,1014.9,29.97,1014.1,***,***,0.08,*****,*****,*****,**
201604072056,50,13,***,55,***,*,*,*,7,**,**,**,**,61,**,**,**,*,65,59,1013.6,29.93,1012.7,***,***,0.02,*****,*****,0.21,**
201604072156,340,5,***,55,***,*,*,*,7,**,**,**,**,61,**,**,**,*,66,58,1013.2,29.92,1012.4,***,***,0.00T,*****,*****,*****,**
201604072256,280,10,***,55,***,*,*,*,10,**,**,**,**,**,**,**,**,*,65,60,1013.1,29.92,1012.4,***,***,0.01,*****,*****,*****,**
201604072356,290,11,***,55,***,*,*,*,10,**,**,**,**,**,**,**,**,*,65,59,1012.8,29.91,1012,66,63,0,0.22,*****,*****,**
201604080056,300,9,***,55,***,*,*,*,7,**,**,**,**,**,**,**,**,*,64,59,1012.8,29.91,1012,***,***,0,*****,*****,*****,**
201604080156,340,5,***,100,***,*,*,*,7,**,**,**,**,**,**,**,**,*,63,58,1013.1,29.92,1012.4,***,***,0,*****,*****,*****,**
201604080256,340,5,***,100,***,*,*,*,10,**,**,**,**,61,**,**,**,*,65,56,1013.4,29.93,1012.7,***,***,0.00T,*****,*****,0.00T,**
201604080356,10,3,***,85,***,*,*,*,10,**,**,**,**,**,**,**,**,*,62,54,1013.9,29.94,1013,***,***,0.02,*****,*****,*****,**
201604080456,20,3,***,85,***,*,*,*,10,**,**,**,**,**,**,**,**,*,62,54,1014,29.95,1013.4,***,***,0,*****,*****,*****,**
201604080556,310,5,***,85,***,*,*,*,10,**,**,**,**,**,**,**,**,*,62,55,1014,29.95,1013.4,65,61,0,0.02,*****,*****,**
201604080656,***,0,***,42,***,*,*,*,9.1,**,**,**,**,**,**,**,**,*,59,55,1014,29.95,1013.4,***,***,0,*****,*****,*****,**
201604080756,***,0,***,55,***,*,*,*,10,**,**,**,**,**,**,**,**,*,60,57,1013.8,29.94,1013,66,59,0,*****,*****,*****,**
201604080759,***,***,***,***,***,*,*,*,****,**,**,**,**,**,**,**,**,*,****,****,******,*****,******,66,***,*****,*****,0.36,*****,**
201604080856,***,0,***,55,***,*,*,*,9.1,**,**,**,**,**,**,**,**,*,60,57,1013.5,29.93,1012.7,***,***,0,*****,*****,*****,**
201604080956,***,0,***,46,***,*,*,*,8,**,**,**,**,**,**,**,**,*,60,58,1013.1,29.92,1012.4,***,***,0.01,*****,*****,*****,**
201604081056,80,3,***,39,***,*,*,*,8,**,**,**,**,**,**,**,**,*,60,57,1012.8,29.91,1012,***,***,0,*****,*****,*****,**
201604081152,100,3,***,29,***,*,*,*,6,**,**,**,**,61,10,**,**,*,61,57,******,29.92,1012.4,***,***,0.00T,*****,*****,*****,**
201604081156,***,0,***,29,***,*,*,*,6,**,**,**,**,61,10,**,**,*,60,57,1013,29.92,1012.4,62,59,0.00T,0.01,0.37,*****,**
201604081256,***,0,***,35,***,*,*,*,4,**,**,**,**,10,**,**,**,*,60,57,1013.2,29.92,1012.4,***,***,0.01,*****,*****,*****,**
201604081356,***,0,***,19,***,*,*,*,5,**,**,**,**,10,**,**,**,*,61,58,1013.5,29.93,1012.7,***,***,0.00T,*****,*****,*****,**
201604081454,40,3,***,10,***,*,*,*,6,**,**,**,**,10,**,**,**,*,61,57,******,29.95,1013.4,***,***,*****,*****,*****,*****,**
201604081456,30,3,***,10,***,*,*,*,6,**,**,**,**,10,**,**,**,*,61,57,1014.1,29.95,1013.4,***,***,0,*****,*****,0.01,**
201604081556,***,0,***,10,***,*,*,*,10,**,**,**,**,**,**,**,**,*,62,57,1014.4,29.96,1013.7,***,***,0,*****,*****,*****,**
201604081656,***,0,***,10,***,*,*,*,10,**,**,**,**,**,**,**,**,*,64,57,1014.8,29.97,1014.1,***,***,0,*****,*****,*****,**
201604081756,230,8,***,10,***,*,*,*,7,**,**,**,**,**,**,**,**,*,63,58,1015.3,29.99,1014.7,65,60,0,0.01,*****,*****,**
201604081854,230,7,***,20,***,*,*,*,8,**,**,**,**,**,**,**,**,*,66,57,******,29.98,1014.4,***,***,*****,*****,*****,*****,**
201604081856,230,7,***,20,***,*,*,*,8,**,**,**,**,**,**,**,**,*,66,58,1015,29.98,1014.4,***,***,0,*****,*****,*****,**
201604081956,210,11,21,24,***,*,*,*,8,**,**,**,**,**,**,**,**,*,66,58,1014.8,29.97,1014.1,***,***,0,*****,*****,*****,**
201604082056,230,11,***,24,***,*,*,*,8,**,**,**,**,**,**,**,**,*,65,58,1014.8,29.97,1014.1,***,***,0,*****,*****,*****,**
201604082156,220,13,***,24,***,*,*,*,10,**,**,**,**,**,**,**,**,*,66,59,1014.4,29.96,1013.7,***,***,0,*****,*****,*****,**
201604082256,210,9,***,24,***,*,*,*,10,**,**,**,**,**,**,**,**,*,65,58,1014.3,29.96,1013.7,***,***,0,*****,*****,*****,**
201604082356,210,8,***,10,***,*,*,*,10,**,**,**,**,**,**,**,**,*,65,58,1014.1,29.95,1013.4,68,64,0,*****,*****,*****,**
201604090054,210,7,***,25,***,*,*,*,10,**,**,**,**,**,**,**,**,*,64,57,******,29.95,1013.4,***,***,*****,*****,*****,*****,**
201604090056,210,8,***,25,***,*,*,*,10,**,**,**,**,**,**,**,**,*,65,58,1014.1,29.95,1013.4,***,***,0,*****,*****,*****,**
201604090156,190,6,***,28,***,*,*,*,10,**,**,**,**,**,**,**,**,*,64,58,1014.1,29.95,1013.4,***,***,0,*****,*****,*****,**
201604090254,200,7,***,31,***,*,*,*,9.1,**,**,**,**,**,**,**,**,*,63,57,******,29.96,1013.7,***,***,*****,*****,*****,*****,**
201604090256,200,7,***,33,***,*,*,*,9.1,**,**,**,**,**,**,**,**,*,63,58,1014.6,29.96,1013.7,***,***,0,*****,*****,*****,**
201604090356,***,0,***,37,***,*,*,*,7,**,**,**,**,**,**,**,**,*,62,57,1015.2,29.98,1014.4,***,***,0,*****,*****,*****,**
201604090456,***,0,***,722,SCT,*,*,*,10,**,**,**,**,**,**,**,**,*,61,56,1015.3,29.98,1014.4,***,***,0,*****,*****,*****,**
201604090552,***,0,***,11,***,*,*,*,8,**,**,**,**,**,**,**,**,*,61,57,******,29.99,1014.7,***,***,*****,*****,*****,*****,**
201604090556,***,0,***,11,***,*,*,*,8,**,**,**,**,**,**,**,**,*,60,57,1015.4,29.99,1014.7,66,60,0,*****,*****,*****,**
201604090656,130,3,***,722,CLR,*,*,*,10,**,**,**,**,**,**,**,**,*,57,54,1015.7,30,1015.1,***,***,0,*****,*****,*****,**
201604090756,120,6,***,722,CLR,*,*,*,9.1,**,**,**,**,**,**,**,**,*,57,53,1015.6,29.99,1014.7,68,56,0,*****,*****,*****,**
201604090759,***,***,***,***,***,*,*,*,****,**,**,**,**,**,**,**,**,*,****,****,******,*****,******,68,***,*****,*****,0.02,*****,**
201604090856,100,7,***,85,***,*,*,*,9.1,**,**,**,**,**,**,**,**,*,58,55,1015.2,29.98,1014.4,***,***,0,*****,*****,*****,**
201604090956,120,5,***,85,***,*,*,*,10,**,**,**,**,**,**,**,**,*,59,54,1014.7,29.97,1014.1,***,***,0,*****,*****,*****,**
201604091056,***,0,***,80,***,*,*,*,10,**,**,**,**,**,**,**,**,*,60,53,1014.4,29.96,1013.7,***,***,0,*****,*****,*****,**
201604091156,30,5,***,722,SCT,*,*,*,10,**,**,**,**,**,**,**,**,*,59,53,1014.1,29.95,1013.4,60,56,0,*****,0.01,*****,**
201604091256,***,0,***,722,CLR,*,*,*,8,**,**,**,**,**,**,**,**,*,54,51,1014.1,29.95,1013.4,***,***,0,*****,*****,*****,**
201604091356,***,0,***,722,CLR,*,*,*,6,**,**,**,**,10,**,**,**,*,53,51,1014.4,29.96,1013.7,***,***,0,*****,*****,*****,**
201604091456,100,3,***,722,CLR,*,*,*,7,**,**,**,**,**,**,**,**,*,60,55,1014.8,29.97,1014.1,***,***,0,*****,*****,*****,**
201604091556,150,8,***,65,***,*,*,*,10,**,**,**,**,**,**,**,**,*,67,53,1014.8,29.97,1014.1,***,***,0,*****,*****,*****,**
201604091656,200,7,***,65,***,*,*,*,10,**,**,**,**,**,**,**,**,*,68,52,1014.7,29.97,1014.1,***,***,0,*****,*****,*****,**
201604091756,200,13,20,722,SCT,*,*,*,10,**,**,**,**,**,**,**,**,*,70,55,1015,29.98,1014.4,70,53,0,*****,*****,*****,**
201604091856,210,11,***,722,SCT,*,*,*,10,**,**,**,**,**,**,**,**,*,68,56,1014.6,29.96,1013.7,***,***,0,*****,*****,*****,**
201604091956,210,14,***,722,CLR,*,*,*,10,**,**,**,**,**,**,**,**,*,70,55,1014.1,29.95,1013.4,***,***,0,*****,*****,*****,**
201604092056,210,13,***,80,***,*,*,*,10,**,**,**,**,**,**,**,**,*,68,55,1013.6,29.93,1012.7,***,***,0,*****,*****,*****,**
201604092156,210,11,***,85,***,*,*,*,10,**,**,**,**,**,**,**,**,*,67,55,1012.9,29.91,1012,***,***,0,*****,*****,*****,**
201604092256,190,9,***,722,CLR,*,*,*,10,**,**,**,**,**,**,**,**,*,67,56,1012.2,29.89,1011.4,***,***,0,*****,*****,*****,**
201604092356,190,11,***,80,***,*,*,*,10,**,**,**,**,**,**,**,**,*,67,57,1012,29.89,1011.4,71,66,0,*****,*****,*****,**
201604100056,210,9,***,85,***,*,*,*,10,**,**,**,**,**,**,**,**,*,66,57,1011.8,29.88,1011,***,***,0,*****,*****,*****,**
201604100156,180,3,***,722,SCT,*,*,*,10,**,**,**,**,**,**,**,**,*,65,56,1011.4,29.87,1010.7,***,***,0,*****,*****,*****,**
201604100256,160,7,***,90,***,*,*,*,10,**,**,**,**,**,**,**,**,*,64,56,1011.3,29.87,1010.7,***,***,0,*****,*****,*****,**
201604100356,130,10,16,70,***,*,*,*,7,**,**,**,**,61,**,**,**,*,63,57,1011,29.86,1010.3,***,***,0.03,*****,*****,*****,**
201604100456,120,11,***,85,***,*,*,*,10,**,**,**,**,61,**,**,**,*,62,55,1010.9,29.86,1010.3,***,***,0.02,*****,*****,*****,**
201604100556,100,9,***,80,***,*,*,*,10,**,**,**,**,**,**,**,**,*,63,56,1010.7,29.85,1010,68,62,0.01,0.06,*****,*****,**
201604100656,160,3,***,75,***,*,*,*,10,**,**,**,**,**,**,**,**,*,63,56,1010.9,29.86,1010.3,***,***,0,*****,*****,*****,**
201604100756,180,5,***,80,***,*,*,*,9.1,**,**,**,**,61,**,**,**,*,62,55,1010.7,29.85,1010,71,53,0.00T,*****,*****,*****,**
201604100759,***,***,***,***,***,*,*,*,****,**,**,**,**,**,**,**,**,*,****,****,******,*****,******,71,***,*****,*****,0.06,*****,**
201604100856,200,9,***,15,***,*,*,*,9.1,**,**,**,**,**,**,**,**,*,62,57,1010.3,29.84,1009.7,***,***,0.00T,*****,*****,0.00T,**
201604100956,***,0,***,80,***,*,*,*,10,**,**,**,**,61,**,**,**,*,60,56,1010.4,29.84,1009.7,***,***,0.06,*****,*****,*****,**
201604101056,100,3,***,100,***,*,*,*,10,**,**,**,**,**,**,**,**,*,59,56,1010.2,29.83,1009.3,***,***,0.01,*****,*****,*****,**
201604101156,130,3,***,29,***,*,*,*,10,**,**,**,**,**,**,**,**,*,59,55,1010.4,29.84,1009.7,64,59,0.00T,0.07,0.13,*****,**
201604101256,110,5,***,38,***,*,*,*,10,**,**,**,**,**,**,**,**,*,58,54,1010.6,29.85,1010,***,***,0,*****,*****,*****,**
201604101356,120,3,***,34,***,*,*,*,10,**,**,**,**,**,**,**,**,*,58,54,1010.9,29.86,1010.3,***,***,0,*****,*****,*****,**
201604101456,140,6,***,722,CLR,*,*,*,10,**,**,**,**,**,**,**,**,*,63,57,1011.5,29.87,1010.7,***,***,0,*****,*****,*****,**
201604101554,180,8,***,722,***,*,*,*,10,**,**,**,**,**,**,**,**,*,64,55,******,29.89,1011.4,***,***,*****,*****,*****,*****,**
201604101556,190,9,***,722,SCT,*,*,*,10,**,**,**,**,**,**,**,**,*,64,55,1012.1,29.89,1011.4,***,***,0,*****,*****,*****,**
201604101656,190,13,***,722,CLR,*,*,*,10,**,**,**,**,**,**,**,**,*,66,55,1012.6,29.9,1011.7,***,***,0,*****,*****,*****,**
201604101756,200,14,***,722,CLR,*,*,*,10,**,**,**,**,**,**,**,**,*,67,56,1013.3,29.93,1012.7,68,58,0,*****,*****,*****,**
201604101856,210,14,21,722,CLR,*,*,*,10,**,**,**,**,**,**,**,**,*,69,55,1013.3,29.93,1012.7,***,***,0,*****,*****,*****,**
201604101956,200,15,23,722,CLR,*,*,*,10,**,**,**,**,**,**,**,**,*,68,56,1013.6,29.94,1013,***,***,0,*****,*****,*****,**
201604102056,200,18,24,722,CLR,*,*,*,10,**,**,**,**,**,**,**,**,*,68,56,1013.4,29.93,1012.7,***,***,0,*****,*****,*****,**
201604102156,200,18,23,722,CLR,*,*,*,10,**,**,**,**,**,**,**,**,*,68,57,1013.3,29.93,1012.7,***,***,0,*****,*****,*****,**
201604102256,210,13,22,722,CLR,*,*,*,10,**,**,**,**,**,**,**,**,*,68,56,1013.4,29.93,1012.7,***,***,0,*****,*****,*****,**
201604102356,200,15,21,722,CLR,*,*,*,10,**,**,**,**,**,**,**,**,*,67,57,1013.9,29.94,1013,70,67,0,*****,*****,*****,**
201604110056,220,9,***,722,CLR,*,*,*,10,**,**,**,**,**,**,**,**,*,66,57,1013.8,29.94,1013,***,***,0,*****,*****,*****,**
201604110156,250,6,***,722,CLR,*,*,*,10,**,**,**,**,**,**,**,**,*,64,56,1014.2,29.95,1013.4,***,***,0,*****,*****,*****,**
201604110256,250,3,***,722,SCT,*,*,*,10,**,**,**,**,**,**,**,**,*,63,56,1014.8,29.97,1014.1,***,***,0,*****,*****,*****,**
201604110356,220,3,***,722,SCT,*,*,*,10,**,**,**,**,**,**,**,**,*,61,56,1015.8,30,1015.1,***,***,0,*****,*****,*****,**
201604110456,***,0,***,722,CLR,*,*,*,10,**,**,**,**,**,**,**,**,*,57,53,1016.4,30.02,1015.8,***,***,0,*****,*****,*****,**
201604110556,***,0,***,50,***,*,*,*,6,**,**,**,**,61,10,**,**,*,59,55,1016.6,30.02,1015.8,67,57,0.00T,0.00T,*****,*****,**
201604110656,130,5,***,722,SCT,*,*,*,10,**,**,**,**,**,**,**,**,*,57,54,1016.9,30.03,1016.1,***,***,0.00T,*****,*****,*****,**
201604110756,90,5,***,722,SCT,*,*,*,10,**,**,**,**,**,**,**,**,*,59,55,1016.4,30.02,1015.8,70,57,0,*****,*****,*****,**
201604110759,***,***,***,***,***,*,*,*,****,**,**,**,**,**,**,**,**,*,****,****,******,*****,******,70,***,*****,*****,0.07,*****,**
201604110856,350,5,***,722,CLR,*,*,*,10,**,**,**,**,**,**,**,**,*,60,54,1016.6,30.02,1015.8,***,***,0,*****,*****,0.00T,**
201604110956,***,0,***,722,CLR,*,*,*,10,**,**,**,**,**,**,**,**,*,57,53,1016.6,30.02,1015.8,***,***,0,*****,*****,*****,**
201604111056,100,5,***,722,CLR,*,*,*,10,**,**,**,**,**,**,**,**,*,57,53,1016.6,30.02,1015.8,***,***,0,*****,*****,*****,**
201604111156,***,0,***,722,CLR,*,*,*,10,**,**,**,**,**,**,**,**,*,57,53,1016.5,30.02,1015.8,60,55,0,0.00T,*****,*****,**
201604111256,***,0,***,722,CLR,*,*,*,10,**,**,**,**,**,**,**,**,*,56,52,1016.8,30.03,1016.1,***,***,0,*****,*****,*****,**
201604111356,30,3,***,250,***,*,*,*,10,**,**,**,**,**,**,**,**,*,56,53,1017.3,30.04,1016.4,***,***,0,*****,*****,*****,**
201604111456,***,0,***,200,***,*,*,*,10,**,**,**,**,**,**,**,**,*,63,54,1017.9,30.06,1017.1,***,***,0,*****,*****,*****,**
201604111556,300,3,***,200,***,*,*,*,10,**,**,**,**,**,**,**,**,*,64,56,1018.3,30.07,1017.4,***,***,0,*****,*****,*****,**
201604111656,260,7,***,200,***,*,*,*,10,**,**,**,**,**,**,**,**,*,64,56,1018.6,30.08,1017.8,***,***,0,*****,*****,*****,**
201604111756,260,9,***,80,***,*,*,*,10,**,**,**,**,**,**,**,**,*,67,56,1019,30.1,1018.5,67,56,0,*****,*****,*****,**
201604111856,250,10,***,80,***,*,*,*,10,**,**,**,**,**,**,**,**,*,68,56,1019,30.1,1018.5,***,***,0,*****,*****,*****,**
201604111956,240,11,***,200,***,*,*,*,10,**,**,**,**,**,**,**,**,*,69,56,1018.8,30.09,1018.1,***,***,0,*****,*****,*****,**
201604112056,270,10,***,80,***,*,*,*,10,**,**,**,**,**,**,**,**,*,69,56,1018.5,30.08,1017.8,***,***,0,*****,*****,*****,**
201604112156,270,9,***,80,***,*,*,*,10,**,**,**,**,**,**,**,**,*,68,56,1018.2,30.07,1017.4,***,***,0,*****,*****,*****,**
201604112256,280,9,***,80,***,*,*,*,10,**,**,**,**,**,**,**,**,*,67,56,1018.1,30.07,1017.4,***,***,0,*****,*****,*****,**
201604112356,300,8,***,80,***,*,*,*,10,**,**,**,**,**,**,**,**,*,66,56,1018.2,30.07,1017.4,70,66,0,*****,*****,*****,**
